url,name,rating_point,rating_total,rating_stars,review_user,review_stars,review_title,review_content,error
https://tiki.vn/sach-tro-chuyen-cung-con-ve-nen-kinh-te-p51420028.html?spid=67621355,Sách Trò Chuyện Cùng Con Về Nền Kinh Tế,4.8,(6 đánh giá),10.0,Kim Ngân Thạch Thị,10.0,Cực kì hài lòng,,
https://tiki.vn/sach-tro-chuyen-cung-con-ve-nen-kinh-te-p51420028.html?spid=67621355,Sách Trò Chuyện Cùng Con Về Nền Kinh Tế,4.8,(6 đánh giá),10.0,Giang Tran,10.0,Cực kì hài lòng,,
https://tiki.vn/sach-tro-chuyen-cung-con-ve-nen-kinh-te-p51420028.html?spid=67621355,Sách Trò Chuyện Cùng Con Về Nền Kinh Tế,4.8,(6 đánh giá),10.0,Phan Anh Kiệt,10.0,Cực kì hài lòng,,
https://tiki.vn/sach-tro-chuyen-cung-con-ve-nen-kinh-te-p51420028.html?spid=67621355,Sách Trò Chuyện Cùng Con Về Nền Kinh Tế,4.8,(6 đánh giá),10.0,LE HOANG KHAC VU,10.0,Cực kì hài lòng,,
https://tiki.vn/sach-tro-chuyen-cung-con-ve-nen-kinh-te-p51420028.html?spid=67621355,Sách Trò Chuyện Cùng Con Về Nền Kinh Tế,4.8,(6 đánh giá),10.0,Tuyết Trinh,10.0,Cực kì hài lòng,Ok,
https://tiki.vn/sach-tro-chuyen-cung-con-ve-nen-kinh-te-p51420028.html?spid=67621355,Sách Trò Chuyện Cùng Con Về Nền Kinh Tế,4.8,(6 đánh giá),10.0,Trọng Lưu,10.0,Hài lòng,,
https://tiki.vn/sach-21-pham-chat-vang-cua-nha-lanh-dao-tai-ban-p196409860.html?spid=262606143,Sách 21 Phẩm Chất Vàng Của Nhà Lãnh Đạo( Tái bản),,,,,,,,Không tìm thấy khối đánh giá
https://tiki.vn/combo-2q-ky-nang-quan-ly-nhan-su-chuyen-nghiep-how-management-works-hieu-het-ve-quan-ly-sach-quan-ly-quan-tri-nhan-luc-thanh-cong-p175553052.html?spid=175553053,Combo 2Q: Kỹ Năng Quản Lý Nhân Sự Chuyên Nghiệp + How Management Works - Hiểu Hết Về Quản Lý (Sách Quản Lý/Quản Trị Nhân Lực Thành Công),,,,,,,,Không tìm thấy khối đánh giá
https://tiki.vn/sach-the-luong-nan-cua-nha-lanh-dao-p168234718.html?spid=169467148,Sách Thế Lưỡng Nan Của Nhà Lãnh Đạo,,,,,,,,Không tìm thấy khối đánh giá
https://tiki.vn/combo-2q-lanh-dao-va-van-hoa-doanh-nghiep-how-management-works-hieu-het-ve-quan-ly-sach-quan-ly-quan-tri-nhan-luc-thanh-cong-p175553095.html?spid=175553096,Combo 2Q: Lãnh Đạo Và Văn Hóa Doanh Nghiệp + How Management Works - Hiểu Hết Về Quản Lý (Sách Quản Lý/Quản Trị Nhân Lực Thành Công),,,,,,,,Không tìm thấy khối đánh giá
https://tiki.vn/sach-quan-ly-nhan-su-trong-thoi-dai-cong-nghe-ttrn-p278787558.html?spid=278787559,Sách - Quản Lý Nhân Sự Trong Thời Đại Công Nghệ - TTRN,,,,,,,,Không tìm thấy khối đánh giá
https://tiki.vn/quan-ly-nhan-su-trong-thoi-dai-cong-nghe-p278777900.html?spid=278777902,Quản Lý Nhân Sự Trong Thời Đại Công Nghệ,,,,,,,,Không tìm thấy khối đánh giá
https://tiki.vn/quan-ly-nhan-su-trong-thoi-dai-cong-nghe-p278776776.html?spid=278776777,Quản Lý Nhân Sự Trong Thời Đại Công Nghệ,5.0,(1 đánh giá),10.0,Vominhvuong,10.0,Cực kì hài lòng,,
