id,url_key,url,name,rating_average,review_count,original_price,price,quantity_sold,category_id
278484346,sach-tuc-ngu-ca-dao-dan-ca-viet-nam-p278484346,https://tiki.vn/sach-tuc-ngu-ca-dao-dan-ca-viet-nam-p278484346.html,"Sách Tục Ngữ Ca Dao, Dân Ca Việt Nam",4.7,89,110000,78585,43.0,67989
177117505,sach-tuc-ngu-ca-dao-viet-nam-p177117505,https://tiki.vn/sach-tuc-ngu-ca-dao-viet-nam-p177117505.html,Sách Tục Ngữ Ca Dao Việt Nam,4.8,26,58000,43000,329.0,67989
110627458,sach-cung-con-hoc-noi-tap-2-dong-dao-cha-giup-con-mo-rong-von-tu-p110627458,https://tiki.vn/sach-cung-con-hoc-noi-tap-2-dong-dao-cha-giup-con-mo-rong-von-tu-p110627458.html,Sách Cùng Con Học Nói - Tập 2: Đồng Dao Cha Giúp Con Mở Rộng Vốn Từ,5.0,10,50000,32700,88.0,67989
277815103,sach-tieng-viet-chu-nghia-hon-via-dan-gian-p277815103,https://tiki.vn/sach-tieng-viet-chu-nghia-hon-via-dan-gian-p277815103.html,Sách Tiếng Việt chữ nghĩa - Hồn vía dân gian,5.0,2,135000,111000,18.0,67989
267340215,sach-thi-nhan-viet-nam-bia-cung-tai-ban-p267340215,https://tiki.vn/sach-thi-nhan-viet-nam-bia-cung-tai-ban-p267340215.html,Sách Thi Nhân Việt Nam (Bìa Cứng) - Tái Bản,0.0,0,120000,88000,27.0,67989
118877627,sach-tuc-ngu-ca-dao-dan-ca-viet-nam-2-tai-ban-2021-p118877627,https://tiki.vn/sach-tuc-ngu-ca-dao-dan-ca-viet-nam-2-tai-ban-2021-p118877627.html,Sách Tục Ngữ - Ca Dao - Dân Ca Việt Nam 2 (Tái Bản 2021),5.0,6,95000,69600,65.0,67989
597050,sach-tuc-ngu-ca-dao-dan-ca-viet-nam-bia-mem-p597050,https://tiki.vn/sach-tuc-ngu-ca-dao-dan-ca-viet-nam-bia-mem-p597050.html,"Sách Tục Ngữ, Ca Dao, Dân Ca Việt Nam (Bìa Mềm)",5.0,31,99000,99000,268.0,67989
567695,sach-ca-dao-tuc-ngu-bang-tranh-tai-ban-2016-p567695,https://tiki.vn/sach-ca-dao-tuc-ngu-bang-tranh-tai-ban-2016-p567695.html,Sách Ca Dao Tục Ngữ Bằng Tranh (Tái Bản 2016),5.0,1,80000,80000,6.0,67989
277984586,sach-viet-nam-phong-tuc-p277984586,https://tiki.vn/sach-viet-nam-phong-tuc-p277984586.html,Sách - Việt Nam Phong Tục,0.0,0,168000,120000,4.0,67989
205543007,dong-dao-cho-em-p205543007,https://tiki.vn/dong-dao-cho-em-p205543007.html,Đồng dao cho em,0.0,0,68000,68000,,67989
14025767,sach-ca-dao-tuc-ngu-viet-nam-tai-ban-p14025767,https://tiki.vn/sach-ca-dao-tuc-ngu-viet-nam-tai-ban-p14025767.html,Sách Ca Dao Tục Ngữ Việt Nam (Tái Bản),5.0,1,129000,129000,20.0,67989
217648282,sach-ca-dao-dan-ca-ly-ho-ve-nam-bo-p217648282,https://tiki.vn/sach-ca-dao-dan-ca-ly-ho-ve-nam-bo-p217648282.html,Sách Ca dao dân ca Lý - Hò - Vè Nam Bộ,0.0,0,279000,279000,1.0,67989
277410696,dong-dao-viet-nam-tuyen-chon-p277410696,https://tiki.vn/dong-dao-viet-nam-tuyen-chon-p277410696.html,Đồng Dao Việt Nam Tuyển Chọn ,0.0,0,110000,85800,3.0,67989
277410706,ca-dao-viet-nam-tuyen-chon-p277410706,https://tiki.vn/ca-dao-viet-nam-tuyen-chon-p277410706.html,Ca Dao Việt Nam Tuyển Chọn ,0.0,0,108000,84240,2.0,67989
263563238,ca-dao-tuc-ngu-danh-cho-hoc-sinh-tai-ban-2022-p263563238,https://tiki.vn/ca-dao-tuc-ngu-danh-cho-hoc-sinh-tai-ban-2022-p263563238.html,Ca Dao Tục Ngữ Dành Cho Học Sinh (Tái Bản 2022),0.0,0,99000,99000,,67989
86807669,combo-2-cuon-150-thuat-ngu-van-hoc-tuc-ngu-ca-dao-dan-ca-viet-nam-p86807669,https://tiki.vn/combo-2-cuon-150-thuat-ngu-van-hoc-tuc-ngu-ca-dao-dan-ca-viet-nam-p86807669.html,"Combo 2 cuốn : 150 thuật ngữ văn học - Tục ngữ ca dao , dân ca Việt Nam ",0.0,0,191300,191300,2.0,67989
544583,sach-tuc-ngu-ca-dao-viet-nam-p544583,https://tiki.vn/sach-tuc-ngu-ca-dao-viet-nam-p544583.html,Sách Tục Ngữ Ca Dao Việt Nam,0.0,0,21067,21067,99.0,67989
403456,sach-tuc-ngu-ca-dao-dan-ca-viet-nam-p403456,https://tiki.vn/sach-tuc-ngu-ca-dao-dan-ca-viet-nam-p403456.html,"Sách Tục Ngữ Ca Dao, Dân Ca Việt Nam",4.5,2,148000,148000,15.0,67989
53390521,tuc-ngu-ca-dao-dan-ca-viet-nam-bia-cung-tai-ban-lan-1-2020-p53390521,https://tiki.vn/tuc-ngu-ca-dao-dan-ca-viet-nam-bia-cung-tai-ban-lan-1-2020-p53390521.html,"Tục Ngữ Ca Dao, Dân Ca Việt Nam (Bìa Cứng Tái Bản Lần 1-2020)",0.0,0,121476,121476,,67989
73667812,combo-ca-dao-tuc-ngu-viet-nam-p73667812,https://tiki.vn/combo-ca-dao-tuc-ngu-viet-nam-p73667812.html,Combo Ca dao tục ngữ Việt Nam,0.0,0,259150,259150,2.0,67989
217171853,ca-dao-dan-ca-ly-ho-ve-nam-bo-tho-p217171853,https://tiki.vn/ca-dao-dan-ca-ly-ho-ve-nam-bo-tho-p217171853.html,Ca Dao Dân Ca Lý - Hò - Vè Nam Bộ- THO,0.0,0,279000,279000,,67989
3232093,sach-dong-dao-ve-the-gioi-loai-vat-p3232093,https://tiki.vn/sach-dong-dao-ve-the-gioi-loai-vat-p3232093.html,Sách Đồng Dao Về Thế Giới Loài Vật,0.0,0,12800,12800,9.0,67989
80591417,ndb-ca-dao-viet-nam-p80591417,https://tiki.vn/ndb-ca-dao-viet-nam-p80591417.html,NDB - Ca dao việt nam,5.0,2,69000,69000,15.0,67989
242085309,ca-dao-dan-ca-ly-ho-ve-nam-bo-tho-p242085309,https://tiki.vn/ca-dao-dan-ca-ly-ho-ve-nam-bo-tho-p242085309.html,Ca Dao Dân Ca Lý - Hò - Vè Nam Bộ - THO,0.0,0,279000,279000,,67989
3232075,sach-dong-dao-ve-gia-dinh-lang-xom-p3232075,https://tiki.vn/sach-dong-dao-ve-gia-dinh-lang-xom-p3232075.html,Sách Đồng Dao Về Gia Đình Làng Xóm,0.0,0,16000,16000,,67989
54638808,sach-ca-dao-tuc-ngu-danh-cho-hoc-sinh-bia-mem-p54638808,https://tiki.vn/sach-ca-dao-tuc-ngu-danh-cho-hoc-sinh-bia-mem-p54638808.html,Sách Ca Dao Tục Ngữ Dành Cho Học Sinh (Bìa Mềm),0.0,0,104000,104000,2.0,67989
73667876,combo-ca-dao-tuc-ngu-viet-nam-tai-ban-tuc-ngu-ca-dao-dan-ca-viet-nam-bia-cung-tai-ban-lan-1-2020-p73667876,https://tiki.vn/combo-ca-dao-tuc-ngu-viet-nam-tai-ban-tuc-ngu-ca-dao-dan-ca-viet-nam-bia-cung-tai-ban-lan-1-2020-p73667876.html,"Combo Ca Dao Tục Ngữ Việt Nam (Tái Bản)+Tục Ngữ Ca Dao, Dân Ca Việt Nam (Bìa Cứng Tái Bản Lần 1-2020)",0.0,0,210500,210500,1.0,67989
215699517,ca-dao-dan-ca-ly-ho-ve-nam-bo-slk-p215699517,https://tiki.vn/ca-dao-dan-ca-ly-ho-ve-nam-bo-slk-p215699517.html,Ca dao dân ca Lý - Hò - Vè Nam Bộ (SLK),0.0,0,279000,279000,,67989
217188208,ca-dao-dan-ca-ly-ho-ve-nam-bo-nhung-net-doc-dao-trong-ca-dao-dan-ca-nam-bo-le-xuan-vinh-bien-soan-nxb-tong-hop-tp-ho-chi-minh-bia-mem-p217188208,https://tiki.vn/ca-dao-dan-ca-ly-ho-ve-nam-bo-nhung-net-doc-dao-trong-ca-dao-dan-ca-nam-bo-le-xuan-vinh-bien-soan-nxb-tong-hop-tp-ho-chi-minh-bia-mem-p217188208.html,CA DAO DÂN CA LÝ - HÒ - VÈ NAM BỘ: Những nét độc đáo trong ca dao – dân ca Nam Bộ - Lê Xuân Vịnh (Biên soạn) – Nxb Tổng hợp Tp Hồ Chí Minh (bìa mềm),0.0,0,279000,279000,,67989
182849313,van-khan-bach-gia-thuc-dung-p182849313,https://tiki.vn/van-khan-bach-gia-thuc-dung-p182849313.html,Văn Khấn Bách Gia Thực Dụng,0.0,0,142771,142771,,67989
278916936,sach-tap-iv-quyen-1-tong-tap-van-hoc-dan-gian-nam-bo-tuong-tich-san-khau-va-dien-xuong-dan-gian-nam-bo-th240-p278916936,https://tiki.vn/sach-tap-iv-quyen-1-tong-tap-van-hoc-dan-gian-nam-bo-tuong-tich-san-khau-va-dien-xuong-dan-gian-nam-bo-th240-p278916936.html,Sách Tập IV - Quyền 1: Tổng tập văn học dân gian Nam Bộ - tuồng tích sân khấu và diễn xướng dân gian Nam Bộ - TH240,0.0,0,240000,240000,,67989
76834714,tuc-ngu-ca-dao-viet-nam-noi-ve-moi-mat-cua-cuoc-song-sinh-hoat-van-hoa-lao-dong-nghe-nghiep-kinh-nghiem-song-p76834714,https://tiki.vn/tuc-ngu-ca-dao-viet-nam-noi-ve-moi-mat-cua-cuoc-song-sinh-hoat-van-hoa-lao-dong-nghe-nghiep-kinh-nghiem-song-p76834714.html,"Tục Ngữ Ca Dao Việt Nam. Nói Về Mọi Mặt Của Cuộc Sống: Sinh Hoạt, Văn Hóa, Lao Động Nghề Nghiệp, Kinh Nghiệm Sống…",0.0,0,68000,54400,6.0,67989
276677534,tuc-ngu-ca-dao-dan-ca-viet-nam-tai-ban-nam-2024-p276677534,https://tiki.vn/tuc-ngu-ca-dao-dan-ca-viet-nam-tai-ban-nam-2024-p276677534.html,"Tục Ngữ, Ca Dao, Dân Ca Việt Nam (Tái bản năm 2024)",0.0,0,450000,382500,3.0,67989
276677591,tuc-ngu-ca-dao-dan-ca-viet-nam-tai-ban-nam-2024-p276677591,https://tiki.vn/tuc-ngu-ca-dao-dan-ca-viet-nam-tai-ban-nam-2024-p276677591.html,"Tục Ngữ, Ca Dao, Dân Ca Việt Nam (Tái bản năm 2024)",0.0,0,450000,450000,3.0,67989
262570272,cop-cai-chet-vi-mui-nuoc-hoa-p262570272,https://tiki.vn/cop-cai-chet-vi-mui-nuoc-hoa-p262570272.html,Cọp Cái Chết Vì Mùi Nước Hoa,0.0,0,175000,175000,,67989
