id,url_key
4933,du-ky
7358,light-novel
5244,phe-binh-ly-luan-van-hoc
67992,but-ky-tu-truyen
67993,phong-su-ky-su
67994,tac-pham-kinh-dien-nuoc-ngoai
67995,Tác Phẩm Kinh Điển Việt Nam
446,tho
843,ieu-su-hoi-ky
67996,tieu-thuyet-phuong-dong
67997,tieu-thuyet-phuong-tay
8973,tranh-truyen
68018,truyen-chu-co-tich-ngu-ngon
68019,truyen-tranh-co-tich-ngu-ngon
444,truyen-cuoi
6750,truyen-dai
1367,truyen-tranh-dam-my
67998,truyen-chu-dam-my
840,truyen-gia-tuong-huyen-bi-phieu-luu
639,kiem-hiep-vo-hiep
665,truyen-kinh-di
67999,truyen-ngan-tan-van-tap-van-nuoc-ngoai
68000,truyen-ngan-tan-van-tap-van-viet-nam
1521,truyen-ngon-tinh
664,trinh-tham
67989,ca-dao
67990,thanh-ngu
67991,tuc-ngu
26902,sach-anh