CustomerID,content,star,time_review,BookID,spid
21061703,Ok lắm nên đọc nha mấy cưng.,5,2021-09-26 12:51:23,13415209,13415210
22153196,,5,2025-01-01 10:57:11,13415209,13415210
6670221,,5,2023-05-28 22:40:05,13415209,13415210
14102246,Rất thích 👍,5,2022-12-22 09:56:13,13415209,13415210
17676048,nhiều truyện ngày xưa còn nhỏ thích đọc giờ vẫn thích đọc,5,2020-10-17 22:18:27,13415209,13415210
22688435,,5,2023-03-23 08:48:52,13415209,13415210
337059,,5,2020-10-16 08:35:18,13415209,13415210
794975,,5,2022-11-22 20:02:17,13415209,13415210
2238735,,5,2022-10-20 21:33:02,13415209,13415210
15658451,,5,2022-10-01 19:18:46,13415209,13415210
28195852,,5,2022-09-22 03:56:28,13415209,13415210
22890499,,5,2022-08-31 05:11:35,13415209,13415210
22747638,,5,2022-07-12 14:09:55,13415209,13415210
5431596,,5,2022-07-05 17:15:55,13415209,13415210
18165512,Truyện hay,5,2022-04-06 08:29:27,13415209,13415210
1088449,,5,2022-04-23 11:27:05,13415209,13415210
2149145,,5,2022-03-12 22:43:20,13415209,13415210
8320877,,5,2022-01-21 19:45:51,13415209,13415210
1742982,,5,2020-09-20 13:08:05,13415209,13415210
566551,nội dung rất hay,5,,13415209,13415210
447980,Tôt,5,2021-09-10 20:00:09,13415209,13415210
22616888,,5,2021-07-14 15:13:53,13415209,13415210
7253457,"Sách mới đẹp giao hàng nhanh, xưa mình đã đọc truyện cổ tích việt nam của nguyễn đổng chi rất thích",5,2019-06-05 13:42:33,13415209,13415210
21952864,,5,2021-05-31 19:17:05,13415209,13415210
21004244,,5,2021-05-24 14:30:39,13415209,13415210
21440421,,5,2021-04-27 16:03:13,13415209,13415210
6500893,,5,2021-03-27 20:12:58,13415209,13415210
10595450,"Sách mới, giao nhanh. Bé nhà mình đọc khen hay lắm",5,2020-03-10 13:17:56,13415209,13415210
1094755,,5,2021-02-04 08:31:23,13415209,13415210
14946304,,5,2021-02-02 17:13:12,13415209,13415210
17136802,,5,2021-01-17 12:13:30,13415209,13415210
14004833,,5,2020-10-20 19:13:37,13415209,13415210
370328,Tuyệt vời,5,2020-07-04 20:08:39,13415209,13415210
13471272,rất hay,5,2020-06-21 11:17:53,13415209,13415210
6307415,Bộ truyện tôi muốn tìm đọc lại nhưng nó bị thay đổi lời diễn đạt so với lần xuất bản trước năm 2000. Bộ truyện này mang tính thương mại nhiều hơn là món ăn tinh thần bổ ích cho các thế hệ về sau.,3,2022-01-28 09:27:13,13415209,13415210
5187407,,4,2020-10-29 22:56:20,13415209,13415210
